,Department,left,group
0,sales,0.28395407448893867,1
1,technical,0.1951834220106413,1
2,support,0.15541865023802856,1
3,IT,0.0764491739008681,2
4,hr,0.06020722486698404,2
5,accounting,0.05712685522262671,2
6,marketing,0.05684682161859423,2
7,product_mng,0.05544665359843181,2
8,RandD,0.03388406608793055,3
9,management,0.025483057966956036,3
