,index,salary,left
0,0,low,0.6082329879585551
1,1,medium,0.3688042565107813
2,2,high,0.02296275553066368
